Year,by land purpose,Region,Value
2015,,Ukraine,5.5
2016,,Ukraine,5.7
2017,,Ukraine,5.1
2018,,Ukraine,5.0
2019,,Ukraine,4.2
2020,,Ukraine,3.6
2021,,Ukraine,2.9
2022,,Ukraine,2.2
2023,,Ukraine,1.9
2024,,Ukraine,1.8
2015,,Vinnytsya,6.6
2016,,Vinnytsya,6.6
2017,,Vinnytsya,6.3
2018,,Vinnytsya,6.2
2019,,Vinnytsya,5.2
2020,,Vinnytsya,4.1
2021,,Vinnytsya,3.6
2022,,Vinnytsya,3.9
2023,,Vinnytsya,3.5
2024,,Vinnytsya,4.2
2015,,Volyn,6.8
2016,,Volyn,7.9
2017,,Volyn,5.8
2018,,Volyn,6.0
2019,,Volyn,4.9
2020,,Volyn,3.6
2021,,Volyn,3.0
2022,,Volyn,1.9
2023,,Volyn,1.9
2024,,Volyn,1.7
2015,,Dnipropetrovsk,7.7
2016,,Dnipropetrovsk,5.7
2017,,Dnipropetrovsk,5.4
2018,,Dnipropetrovsk,5.3
2019,,Dnipropetrovsk,5.0
2020,,Dnipropetrovsk,4.1
2021,,Dnipropetrovsk,3.5
2022,,Dnipropetrovsk,3.2
2023,,Dnipropetrovsk,3.2
2024,,Dnipropetrovsk,3.2
2015,,Donetsk,2.4
2016,,Donetsk,2.6
2017,,Donetsk,2.6
2018,,Donetsk,2.9
2019,,Donetsk,0.8
2020,,Donetsk,1.6
2021,,Donetsk,1.0
2022,,Donetsk,0.0
2023,,Donetsk,0.0
2024,,Donetsk,0.0
2015,,Zhytomyr,7.4
2016,,Zhytomyr,6.5
2017,,Zhytomyr,6.0
2018,,Zhytomyr,6.0
2019,,Zhytomyr,5.2
2020,,Zhytomyr,4.1
2021,,Zhytomyr,3.6
2022,,Zhytomyr,3.7
2023,,Zhytomyr,3.3
2024,,Zhytomyr,3.1
2015,,Zakarpattya,6.3
2016,,Zakarpattya,10.4
2017,,Zakarpattya,9.6
2018,,Zakarpattya,9.5
2019,,Zakarpattya,9.3
2020,,Zakarpattya,6.7
2021,,Zakarpattya,3.8
2022,,Zakarpattya,1.8
2023,,Zakarpattya,1.4
2024,,Zakarpattya,0.0
2015,,Zaporizhzhya,4.7
2016,,Zaporizhzhya,5.1
2017,,Zaporizhzhya,4.5
2018,,Zaporizhzhya,4.7
2019,,Zaporizhzhya,4.0
2020,,Zaporizhzhya,3.3
2021,,Zaporizhzhya,2.9
2022,,Zaporizhzhya,2.0
2023,,Zaporizhzhya,1.1
2024,,Zaporizhzhya,0.4
2015,,Ivano-Frankivsk,9.1
2016,,Ivano-Frankivsk,8.6
2017,,Ivano-Frankivsk,7.2
2018,,Ivano-Frankivsk,7.7
2019,,Ivano-Frankivsk,6.2
2020,,Ivano-Frankivsk,4.9
2021,,Ivano-Frankivsk,3.1
2022,,Ivano-Frankivsk,2.6
2023,,Ivano-Frankivsk,2.6
2024,,Ivano-Frankivsk,2.5
2015,,Kyiv,8.7
2016,,Kyiv,9.1
2017,,Kyiv,7.9
2018,,Kyiv,8.0
2019,,Kyiv,8.2
2020,,Kyiv,6.8
2021,,Kyiv,6.5
2022,,Kyiv,5.0
2023,,Kyiv,6.3
2024,,Kyiv,6.0
2015,,Kirovohrad,9.3
2016,,Kirovohrad,5.7
2017,,Kirovohrad,5.0
2018,,Kirovohrad,5.6
2019,,Kirovohrad,3.8
2020,,Kirovohrad,2.8
2021,,Kirovohrad,2.8
2022,,Kirovohrad,2.2
2023,,Kirovohrad,2.2
2024,,Kirovohrad,2.3
2015,,Luhansk,4.8
2016,,Luhansk,4.4
2017,,Luhansk,4.0
2018,,Luhansk,4.0
2019,,Luhansk,2.9
2020,,Luhansk,2.3
2021,,Luhansk,1.0
2022,,Luhansk,0.0
2023,,Luhansk,0.0
2024,,Luhansk,0.0
2015,,Lviv,3.5
2016,,Lviv,3.6
2017,,Lviv,1.8
2018,,Lviv,3.3
2019,,Lviv,3.0
2020,,Lviv,2.4
2021,,Lviv,1.8
2022,,Lviv,1.7
2023,,Lviv,1.5
2024,,Lviv,1.2
2015,,Mykolayiv,8.2
2016,,Mykolayiv,7.1
2017,,Mykolayiv,6.4
2018,,Mykolayiv,6.2
2019,,Mykolayiv,4.4
2020,,Mykolayiv,3.5
2021,,Mykolayiv,2.0
2022,,Mykolayiv,1.6
2023,,Mykolayiv,0.0
2024,,Mykolayiv,0.0
2015,,Odesa,2.1
2016,,Odesa,2.5
2017,,Odesa,1.7
2018,,Odesa,2.2
2019,,Odesa,1.6
2020,,Odesa,2.6
2021,,Odesa,2.1
2022,,Odesa,2.1
2023,,Odesa,1.4
2024,,Odesa,1.9
2015,,Poltava,2.6
2016,,Poltava,6.0
2017,,Poltava,4.6
2018,,Poltava,4.5
2019,,Poltava,4.5
2020,,Poltava,3.2
2021,,Poltava,3.5
2022,,Poltava,3.0
2023,,Poltava,3.0
2024,,Poltava,4.0
2015,,Rivne,6.6
2016,,Rivne,8.1
2017,,Rivne,6.6
2018,,Rivne,6.5
2019,,Rivne,5.9
2020,,Rivne,4.8
2021,,Rivne,3.2
2022,,Rivne,3.1
2023,,Rivne,2.4
2024,,Rivne,2.5
2015,,Sumy,5.2
2016,,Sumy,4.5
2017,,Sumy,5.1
2018,,Sumy,4.1
2019,,Sumy,3.7
2020,,Sumy,4.2
2021,,Sumy,3.0
2022,,Sumy,2.6
2023,,Sumy,0.2
2024,,Sumy,0.4
2015,,Ternopil,5.6
2016,,Ternopil,7.0
2017,,Ternopil,6.4
2018,,Ternopil,6.4
2019,,Ternopil,6.5
2020,,Ternopil,4.6
2021,,Ternopil,4.5
2022,,Ternopil,4.3
2023,,Ternopil,4.6
2024,,Ternopil,3.4
2015,,Kharkiv,5.2
2016,,Kharkiv,5.3
2017,,Kharkiv,4.9
2018,,Kharkiv,3.4
2019,,Kharkiv,3.2
2020,,Kharkiv,2.4
2021,,Kharkiv,1.1
2022,,Kharkiv,1.3
2023,,Kharkiv,0.1
2024,,Kharkiv,0.0
2015,,Kherson,7.0
2016,,Kherson,5.9
2017,,Kherson,6.7
2018,,Kherson,10.3
2019,,Kherson,5.5
2020,,Kherson,4.5
2021,,Kherson,4.1
2022,,Kherson,0.0
2023,,Kherson,0.0
2024,,Kherson,0.0
2015,,Khmelnytskiy,4.1
2016,,Khmelnytskiy,6.2
2017,,Khmelnytskiy,5.1
2018,,Khmelnytskiy,3.2
2019,,Khmelnytskiy,3.9
2020,,Khmelnytskiy,3.2
2021,,Khmelnytskiy,2.8
2022,,Khmelnytskiy,2.7
2023,,Khmelnytskiy,3.0
2024,,Khmelnytskiy,3.3
2015,,Cherkasy,4.1
2016,,Cherkasy,7.1
2017,,Cherkasy,7.1
2018,,Cherkasy,4.9
2019,,Cherkasy,5.5
2020,,Cherkasy,4.5
2021,,Cherkasy,4.0
2022,,Cherkasy,3.7
2023,,Cherkasy,3.5
2024,,Cherkasy,3.3
2015,,Chernivtsi,9.8
2016,,Chernivtsi,8.5
2017,,Chernivtsi,8.4
2018,,Chernivtsi,8.6
2019,,Chernivtsi,7.2
2020,,Chernivtsi,6.0
2021,,Chernivtsi,5.3
2022,,Chernivtsi,3.5
2023,,Chernivtsi,2.2
2024,,Chernivtsi,2.2
2015,,Chernihiv,14.0
2016,,Chernihiv,21.3
2017,,Chernihiv,17.5
2018,,Chernihiv,10.3
2019,,Chernihiv,2.8
2020,,Chernihiv,2.8
2021,,Chernihiv,1.6
2022,,Chernihiv,1.5
2023,,Chernihiv,1.6
2024,,Chernihiv,0.0
2015,arable land,Ukraine,5.5
2016,arable land,Ukraine,5.7
2017,arable land,Ukraine,5.1
2018,arable land,Ukraine,5.0
2019,arable land,Ukraine,4.2
2020,arable land,Ukraine,3.6
2021,arable land,Ukraine,2.9
2022,arable land,Ukraine,2.2
2023,arable land,Ukraine,1.9
2024,arable land,Ukraine,1.8
