Year,Місцевість проживання,Value
2015,,4.9
2016,,4.1
2017,,4.5
2018,,3.5
2019,,2.8
2020,,3.2
2021,,3.3
2022,,
2023,,
2024,,
2015,міська,4.699999999999999
2016,міська,3.7
2017,міська,3.8
2018,міська,3.1
2019,міська,2.6
2020,міська,2.5
2021,міська,2.2
2022,міська,
2023,міська,
2024,міська,
2015,сільська,5.5
2016,сільська,5.0
2017,сільська,5.9
2018,сільська,4.7
2019,сільська,3.4
2020,сільська,4.6
2021,сільська,5.9
2022,сільська,
2023,сільська,
2024,сільська,
