Year,За типом місцевості реєстрації надавачів послуг,Value
2015,,
2016,,
2017,,
2018,,
2019,,
2020,,
2021,,
2022,,
2023,,34.66
2024,,42.33
2015,міська,
2016,міська,
2017,міська,
2018,міська,
2019,міська,
2020,міська,
2021,міська,
2022,міська,
2023,міська,32.95
2024,міська,39.11
2015,сільська,
2016,сільська,
2017,сільська,
2018,сільська,
2019,сільська,
2020,сільська,
2021,сільська,
2022,сільська,
2023,сільська,39.81
2024,сільська,52.34
