Year,за формами реабілітаційної допомоги,Value
2015,,
2016,,
2017,,
2018,,
2019,,
2020,,
2021,,
2022,,
2023,,34.7
2024,,44.1
2015,outpatient,
2016,outpatient,
2017,outpatient,
2018,outpatient,
2019,outpatient,
2020,outpatient,
2021,outpatient,
2022,outpatient,
2023,outpatient,33.8
2024,outpatient,41.3
2015,stationary,
2016,stationary,
2017,stationary,
2018,stationary,
2019,stationary,
2020,stationary,
2021,stationary,
2022,stationary,
2023,stationary,26.5
2024,stationary,34.5
