Year,Область,Стать,Вік,Місцевість проживання,Value
2015,Україна,,,,77.69
2016,Україна,,,,77.21
2017,Україна,,,,77.39
2018,Україна,,,,77.37
2019,Україна,,,,77.88
2020,Україна,,,,78.0
2021,Україна,,,,78.02
2022,Україна,,,,78.22
2023,Україна,,,,
2015,reg_Vinnytsya,,,,80.76
2016,reg_Vinnytsya,,,,81.01
2017,reg_Vinnytsya,,,,81.61
2018,reg_Vinnytsya,,,,82.13
2019,reg_Vinnytsya,,,,83.29
2020,reg_Vinnytsya,,,,83.77
2021,reg_Vinnytsya,,,,83.78
2022,reg_Vinnytsya,,,,83.19
2023,reg_Vinnytsya,,,,
2015,reg_Volyn,,,,83.63
2016,reg_Volyn,,,,83.97
2017,reg_Volyn,,,,84.1
2018,reg_Volyn,,,,84.43
2019,reg_Volyn,,,,85.66
2020,reg_Volyn,,,,85.77
2021,reg_Volyn,,,,85.95
2022,reg_Volyn,,,,86.02
2023,reg_Volyn,,,,
2015,reg_Dnipropetrovsk,,,,85.1
2016,reg_Dnipropetrovsk,,,,84.82
2017,reg_Dnipropetrovsk,,,,84.65
2018,reg_Dnipropetrovsk,,,,84.0
2019,reg_Dnipropetrovsk,,,,83.8
2020,reg_Dnipropetrovsk,,,,83.44
2021,reg_Dnipropetrovsk,,,,82.84
2022,reg_Dnipropetrovsk,,,,82.18
2023,reg_Dnipropetrovsk,,,,
2015,reg_Donetsk,,,,37.95
2016,reg_Donetsk,,,,35.2
2017,reg_Donetsk,,,,35.29
2018,reg_Donetsk,,,,35.76
2019,reg_Donetsk,,,,36.25
2020,reg_Donetsk,,,,36.49
2021,reg_Donetsk,,,,36.77
2022,reg_Donetsk,,,,37.87
2023,reg_Donetsk,,,,
2015,reg_Zhytomyr,,,,83.21
2016,reg_Zhytomyr,,,,83.18
2017,reg_Zhytomyr,,,,83.21
2018,reg_Zhytomyr,,,,82.88
2019,reg_Zhytomyr,,,,83.78
2020,reg_Zhytomyr,,,,83.88
2021,reg_Zhytomyr,,,,83.42
2022,reg_Zhytomyr,,,,82.78
2023,reg_Zhytomyr,,,,
2015,reg_Zakarpattya,,,,85.17
2016,reg_Zakarpattya,,,,85.12
2017,reg_Zakarpattya,,,,84.84
2018,reg_Zakarpattya,,,,83.79
2019,reg_Zakarpattya,,,,84.18
2020,reg_Zakarpattya,,,,83.73
2021,reg_Zakarpattya,,,,83.38
2022,reg_Zakarpattya,,,,82.85
2023,reg_Zakarpattya,,,,
2015,reg_Zaporizhzhya,,,,85.52
2016,reg_Zaporizhzhya,,,,84.28
2017,reg_Zaporizhzhya,,,,83.91
2018,reg_Zaporizhzhya,,,,83.25
2019,reg_Zaporizhzhya,,,,83.64
2020,reg_Zaporizhzhya,,,,83.56
2021,reg_Zaporizhzhya,,,,82.93
2022,reg_Zaporizhzhya,,,,81.82
2023,reg_Zaporizhzhya,,,,
2015,reg_Ivano-Frankivsk,,,,81.27
2016,reg_Ivano-Frankivsk,,,,81.41
2017,reg_Ivano-Frankivsk,,,,81.87
2018,reg_Ivano-Frankivsk,,,,81.7
2019,reg_Ivano-Frankivsk,,,,82.56
2020,reg_Ivano-Frankivsk,,,,83.03
2021,reg_Ivano-Frankivsk,,,,82.84
2022,reg_Ivano-Frankivsk,,,,82.44
2023,reg_Ivano-Frankivsk,,,,
2015,reg_Kyiv_region,,,,92.53
2016,reg_Kyiv_region,,,,93.35
2017,reg_Kyiv_region,,,,93.72
2018,reg_Kyiv_region,,,,93.51
2019,reg_Kyiv_region,,,,94.3
2020,reg_Kyiv_region,,,,94.55
2021,reg_Kyiv_region,,,,94.11
2022,reg_Kyiv_region,,,,93.85
2023,reg_Kyiv_region,,,,
2015,reg_Kirovohrad,,,,83.53
2016,reg_Kirovohrad,,,,83.2
2017,reg_Kirovohrad,,,,82.48
2018,reg_Kirovohrad,,,,82.42
2019,reg_Kirovohrad,,,,83.2
2020,reg_Kirovohrad,,,,82.95
2021,reg_Kirovohrad,,,,82.72
2022,reg_Kirovohrad,,,,82.16
2023,reg_Kirovohrad,,,,
2015,reg_Luhansk,,,,27.85
2016,reg_Luhansk,,,,24.09
2017,reg_Luhansk,,,,24.04
2018,reg_Luhansk,,,,24.03
2019,reg_Luhansk,,,,24.09
2020,reg_Luhansk,,,,23.95
2021,reg_Luhansk,,,,24.67
2022,reg_Luhansk,,,,25.95
2023,reg_Luhansk,,,,
2015,reg_Lviv,,,,82.77
2016,reg_Lviv,,,,83.45
2017,reg_Lviv,,,,84.12
2018,reg_Lviv,,,,84.56
2019,reg_Lviv,,,,85.25
2020,reg_Lviv,,,,85.54
2021,reg_Lviv,,,,85.39
2022,reg_Lviv,,,,85.09
2023,reg_Lviv,,,,
2015,reg_Mykolayiv,,,,82.26
2016,reg_Mykolayiv,,,,81.98
2017,reg_Mykolayiv,,,,81.74
2018,reg_Mykolayiv,,,,81.81
2019,reg_Mykolayiv,,,,82.33
2020,reg_Mykolayiv,,,,82.28
2021,reg_Mykolayiv,,,,81.51
2022,reg_Mykolayiv,,,,81.39
2023,reg_Mykolayiv,,,,
2015,reg_Odesa,,,,85.65
2016,reg_Odesa,,,,85.11
2017,reg_Odesa,,,,85.15
2018,reg_Odesa,,,,84.87
2019,reg_Odesa,,,,85.15
2020,reg_Odesa,,,,84.93
2021,reg_Odesa,,,,84.68
2022,reg_Odesa,,,,84.76
2023,reg_Odesa,,,,
2015,reg_Poltava,,,,84.5
2016,reg_Poltava,,,,84.24
2017,reg_Poltava,,,,84.34
2018,reg_Poltava,,,,84.52
2019,reg_Poltava,,,,84.85
2020,reg_Poltava,,,,84.79
2021,reg_Poltava,,,,84.39
2022,reg_Poltava,,,,83.98
2023,reg_Poltava,,,,
2015,reg_Rivne,,,,83.85
2016,reg_Rivne,,,,84.19
2017,reg_Rivne,,,,84.7
2018,reg_Rivne,,,,84.86
2019,reg_Rivne,,,,85.94
2020,reg_Rivne,,,,86.32
2021,reg_Rivne,,,,86.36
2022,reg_Rivne,,,,86.09
2023,reg_Rivne,,,,
2015,reg_Sumy,,,,81.89
2016,reg_Sumy,,,,81.9
2017,reg_Sumy,,,,81.94
2018,reg_Sumy,,,,82.3
2019,reg_Sumy,,,,83.11
2020,reg_Sumy,,,,83.4
2021,reg_Sumy,,,,83.3
2022,reg_Sumy,,,,82.79
2023,reg_Sumy,,,,
2015,reg_Ternopil,,,,80.55
2016,reg_Ternopil,,,,80.04
2017,reg_Ternopil,,,,80.48
2018,reg_Ternopil,,,,80.72
2019,reg_Ternopil,,,,81.25
2020,reg_Ternopil,,,,81.36
2021,reg_Ternopil,,,,81.15
2022,reg_Ternopil,,,,80.48
2023,reg_Ternopil,,,,
2015,reg_Kharkiv,,,,85.14
2016,reg_Kharkiv,,,,84.39
2017,reg_Kharkiv,,,,85.26
2018,reg_Kharkiv,,,,84.26
2019,reg_Kharkiv,,,,84.32
2020,reg_Kharkiv,,,,84.72
2021,reg_Kharkiv,,,,84.59
2022,reg_Kharkiv,,,,84.39
2023,reg_Kharkiv,,,,
2015,reg_Kherson,,,,84.4
2016,reg_Kherson,,,,83.3
2017,reg_Kherson,,,,82.6
2018,reg_Kherson,,,,82.67
2019,reg_Kherson,,,,83.23
2020,reg_Kherson,,,,83.36
2021,reg_Kherson,,,,82.78
2022,reg_Kherson,,,,82.33
2023,reg_Kherson,,,,
2015,reg_Khmelnytskiy,,,,83.31
2016,reg_Khmelnytskiy,,,,83.39
2017,reg_Khmelnytskiy,,,,83.15
2018,reg_Khmelnytskiy,,,,83.56
2019,reg_Khmelnytskiy,,,,84.34
2020,reg_Khmelnytskiy,,,,84.81
2021,reg_Khmelnytskiy,,,,84.44
2022,reg_Khmelnytskiy,,,,83.92
2023,reg_Khmelnytskiy,,,,
2015,reg_Cherkasy,,,,82.95
2016,reg_Cherkasy,,,,83.39
2017,reg_Cherkasy,,,,83.45
2018,reg_Cherkasy,,,,83.95
2019,reg_Cherkasy,,,,84.69
2020,reg_Cherkasy,,,,84.77
2021,reg_Cherkasy,,,,84.55
2022,reg_Cherkasy,,,,83.99
2023,reg_Cherkasy,,,,
2015,reg_Chernivtsi,,,,82.16
2016,reg_Chernivtsi,,,,82.38
2017,reg_Chernivtsi,,,,83.22
2018,reg_Chernivtsi,,,,83.14
2019,reg_Chernivtsi,,,,84.42
2020,reg_Chernivtsi,,,,84.56
2021,reg_Chernivtsi,,,,84.36
2022,reg_Chernivtsi,,,,83.81
2023,reg_Chernivtsi,,,,
2015,reg_Chernihiv,,,,85.51
2016,reg_Chernihiv,,,,85.69
2017,reg_Chernihiv,,,,85.44
2018,reg_Chernihiv,,,,85.54
2019,reg_Chernihiv,,,,86.44
2020,reg_Chernihiv,,,,86.8
2021,reg_Chernihiv,,,,86.38
2022,reg_Chernihiv,,,,86.0
2023,reg_Chernihiv,,,,
2015,reg_Kyiv_city,,,,84.83
2016,reg_Kyiv_city,,,,85.01
2017,reg_Kyiv_city,,,,85.83
2018,reg_Kyiv_city,,,,85.49
2019,reg_Kyiv_city,,,,84.84
2020,reg_Kyiv_city,,,,84.92
2021,reg_Kyiv_city,,,,85.63
2022,reg_Kyiv_city,,,,86.43
2023,reg_Kyiv_city,,,,
2015,,жінки,,,77.91
2016,,жінки,,,77.42
2017,,жінки,,,77.65
2018,,жінки,,,77.7
2019,,жінки,,,78.2
2020,,жінки,,,78.37
2021,,жінки,,,78.36
2022,,жінки,,,78.54
2015,,чоловіки,,,75.76
2016,,чоловіки,,,75.29
2017,,чоловіки,,,75.41
2018,,чоловіки,,,75.35
2019,,чоловіки,,,75.95
2020,,чоловіки,,,76.09
2021,,чоловіки,,,76.2
2022,,чоловіки,,,76.43
2015,,,age_6,,58.43
2016,,,age_6,,58.68
2017,,,age_6,,58.08
2018,,,age_6,,57.94
2019,,,age_6,,62.44
2020,,,age_6,,63.68
2021,,,age_6,,64.88
2022,,,age_6,,67.32
2015,,,age_7,,91.54
2016,,,age_7,,89.03
2017,,,age_7,,89.2
2018,,,age_7,,89.28
2019,,,age_7,,88.57
2020,,,age_7,,88.9
2021,,,age_7,,88.35
2022,,,age_7,,90.36
2015,,,age_8,,92.4
2016,,,age_8,,91.61
2017,,,age_8,,90.16
2018,,,age_8,,90.31
2019,,,age_8,,90.38
2020,,,age_8,,89.29
2021,,,age_8,,89.94
2022,,,age_8,,89.33
2015,,,age_9,,91.46
2016,,,age_9,,91.23
2017,,,age_9,,91.25
2018,,,age_9,,90.15
2019,,,age_9,,90.26
2020,,,age_9,,90.1
2021,,,age_9,,89.46
2022,,,age_9,,89.86
2015,,,age_10,,91.32
2016,,,age_10,,90.2
2017,,,age_10,,90.77
2018,,,age_10,,90.6
2019,,,age_10,,89.42
2020,,,age_10,,89.77
2021,,,age_10,,89.95
2022,,,age_10,,89.14
2015,,,age_11,,92.83
2016,,,age_11,,90.25
2017,,,age_11,,89.74
2018,,,age_11,,90.51
2019,,,age_11,,90.55
2020,,,age_11,,89.15
2021,,,age_11,,89.44
2022,,,age_11,,89.72
2015,,,age_12,,92.65
2016,,,age_12,,91.68
2017,,,age_12,,90.08
2018,,,age_12,,89.84
2019,,,age_12,,90.25
2020,,,age_12,,90.21
2021,,,age_12,,89.17
2022,,,age_12,,89.3
2015,,,age_13,,93.87
2016,,,age_13,,91.81
2017,,,age_13,,91.48
2018,,,age_13,,89.58
2019,,,age_13,,89.34
2020,,,age_13,,89.94
2021,,,age_13,,90.05
2022,,,age_13,,88.57
2015,,,age_14,,93.15
2016,,,age_14,,92.0
2017,,,age_14,,90.72
2018,,,age_14,,90.67
2019,,,age_14,,88.97
2020,,,age_14,,88.55
2021,,,age_14,,89.16
2022,,,age_14,,89.37
2015,,,до 15 років,,68.44
2016,,,до 15 років,,67.89
2017,,,до 15 років,,66.36
2018,,,до 15 років,,65.64
2019,,,до 15 років,,67.45
2020,,,до 15 років,,67.17
2021,,,до 15 років,,68.07
2022,,,до 15 років,,67.69
2015,,,age_16,,55.42
2016,,,age_16,,54.02
2017,,,age_16,,53.75
2018,,,age_16,,53.07
2019,,,age_16,,53.72
2020,,,age_16,,56.16
2021,,,age_16,,56.28
2022,,,age_16,,56.82
2015,,,age_17,,17.23
2016,,,age_17,,16.53
2017,,,age_17,,16.12
2018,,,age_17,,15.77
2019,,,age_17,,15.64
2020,,,age_17,,16.44
2021,,,age_17,,15.83
2022,,,age_17,,16.61
2015,,,,міська,79.26
2016,,,,міська,78.95
2017,,,,міська,79.94
2018,,,,міська,80.31
2019,,,,міська,80.96
2020,,,,міська,81.38
2021,,,,міська,81.75
2022,,,,міська,82.69
2015,,,,сільська,72.2
2016,,,,сільська,71.28
2017,,,,сільська,69.82
2018,,,,сільська,68.96
2019,,,,сільська,69.14
2020,,,,сільська,68.68
2021,,,,сільська,68.06
2022,,,,сільська,66.8
