Year,Річкові басейни,Value
2015,,
2016,,
2017,,
2018,,
2019,,
2020,,
2021,,
2022,,
2023,,
2024,,9.0
2025,,9.0
2015,район басейну річки Дніпро,
2015,район басейну річки Дністер,
2015,район басейну річки Дунай,
2015,район басейну річки Південний Буг,
2015,район басейну річки Дон,
2015,район басейну річки Вісла,
2015,район басейну річок Криму,
2015,район басейну річок Причорномор’я,
2015,район басейну річок Приазов’я,
2016,район басейну річки Дніпро,
2016,район басейну річки Дністер,
2016,район басейну річки Дунай,
2016,район басейну річки Південний Буг,
2016,район басейну річки Дон,
2016,район басейну річки Вісла,
2016,район басейну річок Криму,
2016,район басейну річок Причорномор’я,
2016,район басейну річок Приазов’я,
2017,район басейну річки Дніпро,
2017,район басейну річки Дністер,
2017,район басейну річки Дунай,
2017,район басейну річки Південний Буг,
2017,район басейну річки Дон,
2017,район басейну річки Вісла,
2017,район басейну річок Криму,
2017,район басейну річок Причорномор’я,
2017,район басейну річок Приазов’я,
2018,район басейну річки Дніпро,
2018,район басейну річки Дністер,
2018,район басейну річки Дунай,
2018,район басейну річки Південний Буг,
2018,район басейну річки Дон,
2018,район басейну річки Вісла,
2018,район басейну річок Криму,
2018,район басейну річок Причорномор’я,
2018,район басейну річок Приазов’я,
2019,район басейну річки Дніпро,
2019,район басейну річки Дністер,
2019,район басейну річки Дунай,
2019,район басейну річки Південний Буг,
2019,район басейну річки Дон,
2019,район басейну річки Вісла,
2019,район басейну річок Криму,
2019,район басейну річок Причорномор’я,
2019,район басейну річок Приазов’я,
2020,район басейну річки Дніпро,
2020,район басейну річки Дністер,
2020,район басейну річки Дунай,
2020,район басейну річки Південний Буг,
2020,район басейну річки Дон,
2020,район басейну річки Вісла,
2020,район басейну річок Криму,
2020,район басейну річок Причорномор’я,
2020,район басейну річок Приазов’я,
2021,район басейну річки Дніпро,
2021,район басейну річки Дністер,
2021,район басейну річки Дунай,
2021,район басейну річки Південний Буг,
2021,район басейну річки Дон,
2021,район басейну річки Вісла,
2021,район басейну річок Криму,
2021,район басейну річок Причорномор’я,
2021,район басейну річок Приазов’я,
2022,район басейну річки Дніпро,
2022,район басейну річки Дністер,
2022,район басейну річки Дунай,
2022,район басейну річки Південний Буг,
2022,район басейну річки Дон,
2022,район басейну річки Вісла,
2022,район басейну річок Криму,
2022,район басейну річок Причорномор’я,
2022,район басейну річок Приазов’я,
2023,район басейну річки Дніпро,
2023,район басейну річки Дністер,
2023,район басейну річки Дунай,
2023,район басейну річки Південний Буг,
2023,район басейну річки Дон,
2023,район басейну річки Вісла,
2023,район басейну річок Криму,
2023,район басейну річок Причорномор’я,
2023,район басейну річок Приазов’я,
2024,район басейну річки Дніпро,1.0
2024,район басейну річки Дністер,1.0
2024,район басейну річки Дунай,1.0
2024,район басейну річки Південний Буг,1.0
2024,район басейну річки Дон,1.0
2024,район басейну річки Вісла,1.0
2024,район басейну річок Криму,1.0
2024,район басейну річок Причорномор’я,1.0
2024,район басейну річок Приазов’я,1.0
2025,район басейну річки Дніпро,1.0
2025,район басейну річки Дністер,1.0
2025,район басейну річки Дунай,1.0
2025,район басейну річки Південний Буг,1.0
2025,район басейну річки Дон,1.0
2025,район басейну річки Вісла,1.0
2025,район басейну річок Криму,1.0
2025,район басейну річок Причорномор’я,1.0
2025,район басейну річок Приазов’я,1.0
